Variable,Cluster 1 (Active),Cluster 2 (Passive),Cluster 3 (Privacy)
F1_Habits_Mean,2.3807588075880757,3.5431654676258995,3.004830917874396
F2_Interaction_Mean,2.4841915085817523,3.542765787370104,2.9130434782608696
F3_Recommendation_Mean,2.551490514905149,3.6758593125499597,2.719001610305958
F4_Privacy_Mean,3.6513098464317975,2.961630695443645,2.4581320450885666
F5_Content_Mean,2.543360433604336,3.6562749800159873,2.74597423510467
Sample Size (N/%),369 (30.8%),417 (34.8%),414 (34.5%)
